title,description,prompt
Understanding Blood Tests,Learn about common blood tests and what they indicate for your health.,Can you explain the different types of blood tests and what they tell me about my health? Are there any in particular that would be good for me to get?
Choosing Health Supplements,Get guidance on which health supplements might be beneficial for you.,I'm considering taking supplements. Which ones would you recommend?
Evaluating Health Insurance Plans,Understand how to compare and choose the best health insurance plan for your needs.,What should I look for when comparing different health insurance plans?
Reading Health Insurance Claims,Learn how to interpret and understand your health insurance claims and statements.,I'm confused about my health insurance claim. Can you help me understand it?
Managing Chronic Conditions,Tips and advice for managing common chronic health conditions.,What are some effective ways to manage chronic conditions?
Healthy Diet Tips,Receive personalized advice on maintaining a balanced and healthy diet.,"Can you give me some tips for a healthy, balanced diet?"
Exercise and Fitness Guidance,Get suggestions for exercise routines and fitness activities suited to your lifestyle.,What are some good exercise routines that I could adapt?
Mental Health Resources,Explore resources and strategies for maintaining and improving mental health.,What are some effective ways to improve my mental health and well-being?
Sleep Hygiene Tips,Discover ways to improve your sleep quality for better health.,What are some effective tips for better sleep hygiene?
Stress Management Strategies,Learn strategies to manage and reduce stress in your daily life.,How can I effectively manage daily stress and anxiety?
Preventive Health Screenings,Understand the importance and schedule of preventive health screenings.,What preventive health screenings should I consider and when?
Seasonal Allergies Relief,Find out how to manage and alleviate seasonal allergies.,What are the best ways to deal with seasonal allergies?
Healthy Aging Tips,Get advice on staying healthy and active as you age.,What are key health tips for healthy aging?
Pediatric Health Questions,Guidance on common health concerns for children.,What are some common health concerns for kids and how can I address them?
Nutrition for Fitness,Tips on optimizing your diet for fitness and exercise.,What kind of diet should I follow to complement my fitness routine?
Vaccination Information,Up-to-date information on various vaccinations and their importance.,Can you give me the latest information on recommended vaccinations?